Series Name,Series Code,Country Name,Country Code,2000 [YR2000],2001 [YR2001],2002 [YR2002],2003 [YR2003],2004 [YR2004],2005 [YR2005],2006 [YR2006],2007 [YR2007],2008 [YR2008],2009 [YR2009],2010 [YR2010],2011 [YR2011],2012 [YR2012],2013 [YR2013],2014 [YR2014],2015 [YR2015],2016 [YR2016],2017 [YR2017],2018 [YR2018],2019 [YR2019],2020 [YR2020]
Research and development expenditure (% of GDP),GB.XPD.RSDV.GD.ZS,Afghanistan,AFG,..,..,..,..,..,..,..,..,..,..,..,..,..,..,..,..,..,..,..,..,..
Research and development expenditure (% of GDP),GB.XPD.RSDV.GD.ZS,Albania,ALB,..,..,..,..,..,..,..,0.087569996714592,0.154119998216629,..,..,..,..,..,..,..,..,..,..,..,..
Research and development expenditure (% of GDP),GB.XPD.RSDV.GD.ZS,Algeria,DZA,..,0.230279996991158,0.366400003433228,0.196229994297028,0.163570001721382,0.066040001809597,..,..,..,..,..,..,..,..,..,..,..,0.534319996833801,..,..,..
Research and development expenditure (% of GDP),GB.XPD.RSDV.GD.ZS,American Samoa,ASM,..,..,..,0.187869995832443,0.325280010700226,0.366919994354248,0.395520001649857,..,..,..,..,..,..,..,..,..,..,..,..,..,..
Research and development expenditure (% of GDP),GB.XPD.RSDV.GD.ZS,Andorra,AND,..,..,..,..,..,..,..,..,..,..,..,..,..,..,..,..,..,..,..,..,..
Research and development expenditure (% of GDP),GB.XPD.RSDV.GD.ZS,Angola,AGO,..,..,..,..,..,..,..,..,..,..,..,..,..,..,..,..,0.0322900004684925,..,..,..,..
Research and development expenditure (% of GDP),GB.XPD.RSDV.GD.ZS,Antigua and Barbuda,ATG,..,..,..,..,..,..,..,..,..,..,..,..,..,..,..,..,..,..,..,..,..
Research and development expenditure (% of GDP),GB.XPD.RSDV.GD.ZS,Argentina,ARG,0.438840001821518,0.424609988927841,0.388859987258911,0.410129994153976,0.403759986162186,0.420740008354187,0.452160000801086,0.460070013999939,0.470550000667572,0.583980023860931,0.561039984226227,0.565970003604889,0.634909987449646,0.618489980697632,0.593959987163544,0.622619986534119,0.558149993419647,0.556309998035431,0.488299995660782,0.478130012750626,0.541540026664734
Research and development expenditure (% of GDP),GB.XPD.RSDV.GD.ZS,Armenia,ARM,0.1910600066185,0.279870003461838,0.252550005912781,0.321090012788773,0.256590008735657,0.257609993219376,0.240569993853569,0.211070001125336,0.224380001425743,0.29093000292778,0.241390004754066,0.270139992237091,0.238529995083809,0.222159996628761,0.241510003805161,0.250019997358322,0.233050003647804,0.227880001068115,0.188759997487068,0.178540006279945,0.209199994802475
Research and development expenditure (% of GDP),GB.XPD.RSDV.GD.ZS,Aruba,ABW,..,..,..,..,..,..,..,..,..,..,..,..,..,..,..,..,..,..,..,..,..
Research and development expenditure (% of GDP),GB.XPD.RSDV.GD.ZS,Australia,AUS,1.5731999874115,..,1.74749004840851,..,1.84902000427246,..,2.18010997772217,..,2.39995002746582,..,2.37074995040894,2.23483991622925,..,2.17843008041382,..,1.92070996761322,..,1.87977004051208,..,1.82892000675201,..
Research and development expenditure (% of GDP),GB.XPD.RSDV.GD.ZS,Austria,AUT,1.88601994514465,1.99210000038147,2.06597995758057,2.17456007003784,2.16612005233765,2.37323999404907,2.35923004150391,2.41843008995056,2.56944990158081,2.59674000740051,2.72609996795654,2.66867995262146,2.91472005844116,2.95492005348206,3.08429002761841,3.04969000816345,3.11654996871948,3.05656003952026,3.09182000160217,3.13246989250183,3.20148992538452
Research and development expenditure (% of GDP),GB.XPD.RSDV.GD.ZS,Azerbaijan,AZE,0.335999995470047,0.340009987354279,0.301550000905991,0.324959993362427,0.29831001162529,0.219940006732941,0.171650007367134,0.170059993863106,0.165539994835854,0.249760001897812,0.218480005860329,0.210840001702309,0.214269995689392,0.209690004587173,0.209779992699623,0.222320005297661,0.206369996070862,0.184679999947548,0.184159994125366,0.200130000710487,0.223900005221367
Research and development expenditure (% of GDP),GB.XPD.RSDV.GD.ZS,"Bahamas, The",BHS,..,..,..,..,..,..,..,..,..,..,..,..,..,..,..,..,..,..,..,..,..
Research and development expenditure (% of GDP),GB.XPD.RSDV.GD.ZS,Bahrain,BHR,..,..,..,..,..,..,..,..,..,..,..,..,..,..,0.101159997284412,..,..,..,..,..,..
Research and development expenditure (% of GDP),GB.XPD.RSDV.GD.ZS,Bangladesh,BGD,..,..,..,..,..,..,..,..,..,..,..,..,..,..,..,..,..,..,..,..,..
Research and development expenditure (% of GDP),GB.XPD.RSDV.GD.ZS,Barbados,BRB,..,..,..,..,..,..,..,..,..,..,..,..,..,..,..,..,..,..,..,..,..
Research and development expenditure (% of GDP),GB.XPD.RSDV.GD.ZS,Belarus,BLR,0.722100019454956,0.708760023117065,0.620899975299835,0.611469984054565,0.627590000629425,0.678520023822784,0.660650014877319,0.962029993534088,0.741469979286194,0.621670007705688,0.669130027294159,0.677600026130676,0.646030008792877,0.651910006999969,0.505479991436005,0.499989986419678,0.500630021095276,0.584110021591187,0.604430019855499,0.577329993247986,0.539009988307953
Research and development expenditure (% of GDP),GB.XPD.RSDV.GD.ZS,Belgium,BEL,1.93619000911713,2.03278994560242,1.90324997901917,1.8411899805069,1.82050001621246,1.79060995578766,1.8226900100708,1.84999001026154,1.93684005737305,1.99860000610352,2.06188011169434,2.17332005500793,2.28114008903503,2.33072996139526,2.37001991271973,2.42816996574402,2.52338004112244,2.66666007041931,2.86017990112305,3.15659999847412,3.39697003364563
Research and development expenditure (% of GDP),GB.XPD.RSDV.GD.ZS,Belize,BLZ,..,..,..,..,..,..,..,..,..,..,..,..,..,..,..,..,..,..,..,..,..
Research and development expenditure (% of GDP),GB.XPD.RSDV.GD.ZS,Benin,BEN,..,..,..,..,..,..,..,..,..,..,..,..,..,..,..,..,..,..,..,..,..
Research and development expenditure (% of GDP),GB.XPD.RSDV.GD.ZS,Bermuda,BMU,..,..,..,..,..,..,..,0.160260006785393,0.1684799939394,0.182349994778633,0.180500000715256,0.261949986219406,0.233549997210503,0.196299999952316,0.190830007195473,0.195069998502731,..,..,0.22851000726223,0.264510005712509,0.22545999288559
Research and development expenditure (% of GDP),GB.XPD.RSDV.GD.ZS,Bhutan,BTN,..,..,..,..,..,..,..,..,..,..,..,..,..,..,..,..,..,..,..,..,..
Research and development expenditure (% of GDP),GB.XPD.RSDV.GD.ZS,Bolivia,BOL,0.287440001964569,0.293579995632172,0.276630014181137,..,..,..,..,..,..,0.157000005245209,..,..,..,..,..,..,..,..,..,..,..
Research and development expenditure (% of GDP),GB.XPD.RSDV.GD.ZS,Bosnia and Herzegovina,BIH,..,..,..,0.0182600002735853,0.0159000009298325,0.0269699990749359,0.0196899995207787,0.0252100005745888,0.0184199996292591,0.021059999242425,..,..,0.265329986810684,0.321319997310638,0.257250010967255,0.21603000164032,0.213369995355606,0.197799995541573,0.191990002989769,0.190009996294975,0.203250005841255
Research and development expenditure (% of GDP),GB.XPD.RSDV.GD.ZS,Botswana,BWA,..,..,..,..,..,0.532859981060028,..,..,..,..,..,..,0.26758998632431,0.560999989509583,..,..,..,..,..,..,..
Research and development expenditure (% of GDP),GB.XPD.RSDV.GD.ZS,Brazil,BRA,1.04751002788544,1.06198000907898,1.0096800327301,0.999390006065369,0.963429987430573,1.00246000289917,0.988070011138916,1.08138000965118,1.12904000282288,1.11865997314453,1.15991997718811,1.13966000080109,1.12683999538422,1.19567000865936,1.26970994472504,1.37092995643616,1.28637003898621,1.11749994754791,1.16769003868103,1.21096003055573,1.14525997638702
Research and development expenditure (% of GDP),GB.XPD.RSDV.GD.ZS,British Virgin Islands,VGB,..,..,..,..,..,..,..,..,..,..,..,..,..,..,..,..,..,..,..,..,..
Research and development expenditure (% of GDP),GB.XPD.RSDV.GD.ZS,Brunei Darussalam,BRN,..,..,0.0159200001507998,0.0184199996292591,0.0370099991559982,..,..,..,..,..,..,..,..,..,..,..,..,..,0.277630001306534,..,..
Research and development expenditure (% of GDP),GB.XPD.RSDV.GD.ZS,Bulgaria,BGR,0.495169997215271,0.447089999914169,0.464729994535446,0.472220003604889,0.470860004425049,0.442690014839172,0.44216001033783,0.430029988288879,0.447310000658035,0.493380010128021,0.563069999217987,0.529510021209717,0.600359976291656,0.634329974651337,0.790050029754639,0.949169993400574,0.769760012626648,0.739950001239777,0.753790020942688,0.832360029220581,0.849240005016327
Research and development expenditure (% of GDP),GB.XPD.RSDV.GD.ZS,Burkina Faso,BFA,..,0.168160006403923,0.301109999418259,0.241119995713234,0.215139999985695,0.151659995317459,..,0.098360002040863,0.165680006146431,0.177870005369186,..,..,..,..,0.197190001606941,..,..,0.613610029220581,..,0.172780007123947,0.248239994049072
Research and development expenditure (% of GDP),GB.XPD.RSDV.GD.ZS,Burundi,BDI,..,..,..,..,..,..,..,0.200680002570152,0.154170006513596,0.140959993004799,0.137189999222755,..,0.107019998133183,..,..,..,..,..,0.213119998574257,..,..
Research and development expenditure (% of GDP),GB.XPD.RSDV.GD.ZS,Cabo Verde,CPV,..,..,..,..,..,..,..,..,..,..,..,0.0662200003862381,..,..,..,..,..,..,..,..,..
Research and development expenditure (% of GDP),GB.XPD.RSDV.GD.ZS,Cambodia,KHM,..,..,0.0498000010848045,..,..,..,..,..,..,..,..,..,..,..,..,0.118230000138283,..,..,..,..,..
Research and development expenditure (% of GDP),GB.XPD.RSDV.GD.ZS,Cameroon,CMR,..,..,..,..,..,..,..,..,..,..,..,..,..,..,..,..,..,..,..,..,..
Research and development expenditure (% of GDP),GB.XPD.RSDV.GD.ZS,Canada,CAN,1.85847997665405,2.02116990089417,1.97170996665955,1.96781003475189,1.99733996391296,1.97126996517181,1.94304001331329,1.90357995033264,1.85578000545502,1.9174200296402,1.82527995109558,1.78714001178741,1.77232003211975,1.70539999008179,1.71416997909546,1.69324004650116,1.72903001308441,1.68701994419098,1.73720002174377,1.75573003292084,1.89484000205994
Research and development expenditure (% of GDP),GB.XPD.RSDV.GD.ZS,Cayman Islands,CYM,..,..,..,..,..,..,..,..,..,..,..,..,..,..,..,..,..,..,..,..,..
Research and development expenditure (% of GDP),GB.XPD.RSDV.GD.ZS,Central African Republic,CAF,..,..,..,..,..,..,..,..,..,..,..,..,..,..,..,..,..,..,..,..,..
Research and development expenditure (% of GDP),GB.XPD.RSDV.GD.ZS,Chad,TCD,..,..,..,..,..,..,..,..,..,..,..,..,..,..,..,..,0.300500005483627,..,..,..,..
Research and development expenditure (% of GDP),GB.XPD.RSDV.GD.ZS,Channel Islands,CHI,..,..,..,..,..,..,..,..,..,..,..,..,..,..,..,..,..,..,..,..,..
Research and development expenditure (% of GDP),GB.XPD.RSDV.GD.ZS,Chile,CHL,..,..,..,..,..,..,..,0.311430007219315,0.374920010566711,0.354030013084412,0.331649988889694,0.352880001068115,0.362129986286163,0.390300005674362,0.376679986715317,0.382959991693497,0.371030002832413,0.356790006160736,0.369159996509552,0.342049986124039,0.334960013628006
Research and development expenditure (% of GDP),GB.XPD.RSDV.GD.ZS,China,CHN,0.893159985542297,0.940330028533936,1.05786001682281,1.12037003040314,1.21498000621796,1.30791997909546,1.36854004859924,1.37369000911713,1.44591999053955,1.66480004787445,1.7137199640274,1.78033995628357,1.91214001178741,1.99785995483398,2.02242994308472,2.05700993537903,2.10033011436462,2.11602997779846,2.14057993888855,2.2446300983429,2.40666007995605
Research and development expenditure (% of GDP),GB.XPD.RSDV.GD.ZS,Colombia,COL,0.131060004234314,0.13289999961853,0.155589997768402,0.173979997634888,0.169640004634857,0.165570005774498,0.164269998669624,0.183070003986359,0.195409998297691,0.193509995937347,0.193580001592636,0.198420003056526,0.221159994602203,0.257609993219376,0.303169995546341,0.365420013666153,0.270509988069534,0.261090010404587,0.312330007553101,0.322010010480881,0.289609998464584
Research and development expenditure (% of GDP),GB.XPD.RSDV.GD.ZS,Comoros,COM,..,..,..,..,..,..,..,..,..,..,..,..,..,..,..,..,..,..,..,..,..
Research and development expenditure (% of GDP),GB.XPD.RSDV.GD.ZS,"Congo, Dem. Rep.",COD,..,..,..,..,0.267769992351532,0.0579899996519089,0.0604400001466274,0.136089995503426,0.0825299993157387,0.0782200023531914,..,..,..,..,..,0.406379997730255,..,..,..,..,..
Research and development expenditure (% of GDP),GB.XPD.RSDV.GD.ZS,"Congo, Rep.",COG,..,..,..,..,..,..,..,..,..,..,..,..,..,..,..,..,..,..,..,..,..
Research and development expenditure (% of GDP),GB.XPD.RSDV.GD.ZS,Costa Rica,CRI,0.411350011825562,..,..,0.361900001764297,0.372880011796951,..,0.426930010318756,0.356550008058548,0.385930001735687,0.517180025577545,0.479900002479553,0.462350010871887,0.547129988670349,0.542530000209808,0.556270003318787,0.436650007963181,0.443349987268448,0.425870001316071,0.3714399933815,..,0.330020010471344
Research and development expenditure (% of GDP),GB.XPD.RSDV.GD.ZS,Cote d'Ivoire,CIV,..,..,..,..,..,..,..,..,..,..,..,..,..,..,..,..,0.069750003516674,..,..,..,..
Research and development expenditure (% of GDP),GB.XPD.RSDV.GD.ZS,Croatia,HRV,1.04250001907349,0.917620003223419,0.940869987010956,0.940689980983734,1.02002000808716,0.847760021686554,0.733129978179932,0.784929990768433,0.878009974956512,0.835070013999939,0.732339978218079,0.738470017910004,0.739560008049011,0.79816997051239,0.772589981555939,0.828159987926483,0.849950015544891,0.847270011901855,0.951250016689301,1.07963001728058,1.24260997772217
Research and development expenditure (% of GDP),GB.XPD.RSDV.GD.ZS,Cuba,CUB,0.478650003671646,0.565299987792969,0.564450025558472,0.582430005073547,0.602310001850128,0.549199998378754,0.441390007734299,0.436150014400482,0.500609993934631,0.614849984645844,0.6076700091362,0.271919995546341,0.407160013914108,0.474669992923737,0.415960013866425,0.428539991378784,0.34222999215126,0.430660009384155,0.536909997463226,0.553080022335052,0.518379986286163
Research and development expenditure (% of GDP),GB.XPD.RSDV.GD.ZS,Curacao,CUW,..,..,..,..,..,..,..,..,..,..,..,..,..,..,..,..,..,..,..,..,..
Research and development expenditure (% of GDP),GB.XPD.RSDV.GD.ZS,Cyprus,CYP,0.226899996399879,0.236939996480942,0.279670000076294,0.318340003490448,0.335640013217926,0.367269992828369,0.383459985256195,0.400070011615753,0.385939985513687,0.444370001554489,0.442919999361038,0.452630013227463,0.437649995088577,0.484849989414215,0.512049973011017,0.47529000043869,0.519699990749359,0.542590022087097,0.614049971103668,0.709500014781952,0.843869984149933
Research and development expenditure (% of GDP),GB.XPD.RSDV.GD.ZS,Czechia,CZE,1.10996997356415,1.09870994091034,1.09818994998932,1.14209997653961,1.13935005664825,1.16100001335144,1.22541999816895,1.29571998119354,1.23357999324799,1.28656005859375,1.32669997215271,1.54477000236511,1.76967000961304,1.87924003601074,1.95833003520966,1.91689002513885,1.67002999782562,1.76855003833771,1.89906001091003,1.92734003067017,1.98599004745483
Research and development expenditure (% of GDP),GB.XPD.RSDV.GD.ZS,Denmark,DNK,2.18619990348816,2.32466006278992,2.44145011901855,2.51084995269775,2.41915988922119,2.3933699131012,2.40300011634827,2.51540994644165,2.77345991134644,3.05514001846313,2.91706991195679,2.94464993476868,2.98125004768372,2.97047996520996,2.9140899181366,3.05497002601624,3.09282994270325,2.93124008178711,2.96602988243103,2.89685010910034,2.96872997283936
Research and development expenditure (% of GDP),GB.XPD.RSDV.GD.ZS,Djibouti,DJI,..,..,..,..,..,..,..,..,..,..,..,..,..,..,..,..,..,..,..,..,..
Research and development expenditure (% of GDP),GB.XPD.RSDV.GD.ZS,Dominica,DMA,..,..,..,..,..,..,..,..,..,..,..,..,..,..,..,..,..,..,..,..,..
Research and development expenditure (% of GDP),GB.XPD.RSDV.GD.ZS,Dominican Republic,DOM,..,..,..,..,..,..,..,..,..,..,..,..,..,..,..,..,..,..,..,..,..
Research and development expenditure (% of GDP),GB.XPD.RSDV.GD.ZS,Ecuador,ECU,..,0.0515000000596046,0.0553399994969368,0.0573499985039234,..,..,0.128629997372627,0.131940007209778,0.227789998054504,0.394630014896393,0.402969986200333,0.339910000562668,0.332359999418259,0.379900008440018,0.442660003900528,..,..,..,..,..,..
Research and development expenditure (% of GDP),GB.XPD.RSDV.GD.ZS,"Egypt, Arab Rep.",EGY,0.192469999194145,..,..,..,0.269939988851547,0.241410002112389,0.259030014276505,0.255100011825562,0.270240008831024,0.433120012283325,0.433450013399124,0.531539976596832,0.508989989757538,0.638949990272522,0.636489987373352,0.718580007553101,0.708480000495911,0.644860029220581,0.688390016555786,0.796169996261597,0.915639996528625
Research and development expenditure (% of GDP),GB.XPD.RSDV.GD.ZS,El Salvador,SLV,..,..,..,..,..,..,..,0.105599999427795,0.133990004658699,0.0908999964594841,0.0780600011348724,0.0355000011622906,0.0339699983596802,0.0638699978590012,0.0937699973583221,0.143480002880096,0.144930005073547,0.180779993534088,0.165309995412827,0.174769997596741,0.162939995527267
Research and development expenditure (% of GDP),GB.XPD.RSDV.GD.ZS,Equatorial Guinea,GNQ,..,..,..,..,..,..,..,..,..,..,..,..,..,..,..,..,..,..,..,..,..
Research and development expenditure (% of GDP),GB.XPD.RSDV.GD.ZS,Eritrea,ERI,..,..,..,..,..,..,..,..,..,..,..,..,..,..,..,..,..,..,..,..,..
Research and development expenditure (% of GDP),GB.XPD.RSDV.GD.ZS,Estonia,EST,0.600000023841858,0.698390007019043,0.712029993534088,0.764649987220764,0.845839977264404,0.917050004005432,1.11276996135712,1.05874001979828,1.25188004970551,1.39679002761841,1.57898998260498,2.30521988868713,2.12480998039246,1.72412002086639,1.43023002147675,1.4677699804306,1.24305999279022,1.27684998512268,1.40998995304108,1.63145995140076,1.75092005729675
Research and development expenditure (% of GDP),GB.XPD.RSDV.GD.ZS,Eswatini,SWZ,..,..,..,..,..,..,..,..,..,..,..,..,..,..,..,0.267540007829666,..,..,..,..,..
Research and development expenditure (% of GDP),GB.XPD.RSDV.GD.ZS,Ethiopia,ETH,..,..,..,..,..,0.179169997572899,..,0.170890003442764,..,..,0.241370007395744,..,..,0.604740023612976,..,..,..,0.274370014667511,..,..,..
Research and development expenditure (% of GDP),GB.XPD.RSDV.GD.ZS,Faroe Islands,FRO,..,..,..,0.852530002593994,..,..,..,..,..,..,..,..,..,..,..,..,..,..,..,..,..
Research and development expenditure (% of GDP),GB.XPD.RSDV.GD.ZS,Fiji,FJI,..,..,..,..,..,..,..,..,..,..,..,..,..,..,..,..,..,..,..,..,..
Research and development expenditure (% of GDP),GB.XPD.RSDV.GD.ZS,Finland,FIN,3.24137997627258,3.19372010231018,3.25307989120483,3.29821991920471,3.30907011032104,3.32369995117188,3.33214998245239,3.33703994750977,3.53696990013123,3.73401999473572,3.70531988143921,3.61806011199951,3.3983199596405,3.27136993408203,3.14751005172729,2.87195992469788,2.72442007064819,2.72786998748779,2.75748991966248,2.79960989952087,2.91243004798889
Research and development expenditure (% of GDP),GB.XPD.RSDV.GD.ZS,France,FRA,2.09346008300781,2.13804006576538,2.17448997497559,2.11994004249573,2.09460997581482,2.05151009559631,2.05094003677368,2.0245099067688,2.06117010116577,2.21206998825073,2.17857003211975,2.19161009788513,2.22707009315491,2.23703002929688,2.27591991424561,2.2270200252533,2.22237992286682,2.1988799571991,2.19666004180908,2.19179010391235,2.28188991546631
Research and development expenditure (% of GDP),GB.XPD.RSDV.GD.ZS,French Polynesia,PYF,..,..,..,..,..,..,..,..,..,..,..,..,..,..,..,..,..,..,..,..,..
Research and development expenditure (% of GDP),GB.XPD.RSDV.GD.ZS,Gabon,GAB,..,..,..,..,..,..,..,0.416330009698868,0.510900020599365,0.579240024089813,..,..,..,..,..,..,..,..,..,..,..
Research and development expenditure (% of GDP),GB.XPD.RSDV.GD.ZS,"Gambia, The",GMB,..,..,..,..,..,..,..,..,0.0126099996268749,0.0108599998056889,..,0.0847999975085258,..,..,..,..,..,..,0.0693299993872643,..,..
Research and development expenditure (% of GDP),GB.XPD.RSDV.GD.ZS,Georgia,GEO,0.215299993753433,0.238480001688004,0.185739994049072,0.217600002884865,0.244200006127357,0.176579996943474,..,..,..,..,..,..,..,0.0785600021481514,0.173179998993874,0.299279987812042,0.285860002040863,0.270229995250702,0.280519992113113,0.284680008888245,0.300799995660782
Research and development expenditure (% of GDP),GB.XPD.RSDV.GD.ZS,Germany,DEU,2.40982007980347,2.40437006950378,2.4362199306488,2.47461009025574,2.43518996238708,2.44193005561829,2.47232007980347,2.4604799747467,2.61512994766235,2.74266004562378,2.73024010658264,2.80555009841919,2.88165998458862,2.8359899520874,2.87784004211426,2.9337899684906,2.94039011001587,3.04710006713867,3.11011004447937,3.16778993606567,3.12979006767273
Research and development expenditure (% of GDP),GB.XPD.RSDV.GD.ZS,Ghana,GHA,..,..,..,..,..,..,..,0.23157000541687,..,..,0.376549988985062,..,..,..,..,..,..,..,..,..,..
Research and development expenditure (% of GDP),GB.XPD.RSDV.GD.ZS,Gibraltar,GIB,..,..,..,..,..,..,..,..,..,..,..,..,..,..,..,..,..,..,..,..,..
Research and development expenditure (% of GDP),GB.XPD.RSDV.GD.ZS,Greece,GRC,..,0.559480011463165,..,0.546540021896362,0.527300000190735,0.578960001468658,0.561179995536804,0.576550006866455,0.661830008029938,0.625569999217987,0.603470027446747,0.684260010719299,0.710049986839294,0.814779996871948,0.839980006217957,0.966050028800964,1.00529003143311,1.15227997303009,1.21370995044708,1.27496004104614,1.5079300403595
Research and development expenditure (% of GDP),GB.XPD.RSDV.GD.ZS,Greenland,GRL,..,0.527409970760345,0.556280016899109,0.508040010929108,0.646080017089844,..,..,..,..,..,..,..,..,..,..,..,..,..,..,..,..
Research and development expenditure (% of GDP),GB.XPD.RSDV.GD.ZS,Grenada,GRD,..,..,..,..,..,..,..,..,..,..,..,..,..,..,..,..,..,..,..,..,..
Research and development expenditure (% of GDP),GB.XPD.RSDV.GD.ZS,Guam,GUM,..,..,..,0.26570001244545,0.25518000125885,0.256099998950958,..,..,..,..,..,..,..,..,..,..,..,..,..,..,..
Research and development expenditure (% of GDP),GB.XPD.RSDV.GD.ZS,Guatemala,GTM,..,..,..,..,..,0.0355600006878376,0.0500999987125397,0.0678199976682663,0.062899999320507,0.0562000013887882,0.0442100018262863,0.0489399991929531,0.0454300008714199,0.0391599982976913,0.0294899996370077,0.0306400004774332,0.0231100004166365,0.0295499991625547,0.0293799992650747,0.0264199990779161,0.0488799996674061
Research and development expenditure (% of GDP),GB.XPD.RSDV.GD.ZS,Guinea,GIN,..,..,..,..,..,..,..,..,..,..,..,..,..,..,..,..,..,..,..,..,..
Research and development expenditure (% of GDP),GB.XPD.RSDV.GD.ZS,Guinea-Bissau,GNB,..,..,..,..,..,..,..,..,..,..,..,..,..,..,..,..,..,..,..,..,..
Research and development expenditure (% of GDP),GB.XPD.RSDV.GD.ZS,Guyana,GUY,..,..,..,..,..,..,..,..,..,..,..,..,..,..,..,..,..,..,..,..,..
Research and development expenditure (% of GDP),GB.XPD.RSDV.GD.ZS,Haiti,HTI,..,..,..,..,..,..,..,..,..,..,..,..,..,..,..,..,..,..,..,..,..
Research and development expenditure (% of GDP),GB.XPD.RSDV.GD.ZS,Honduras,HND,0.0445300005376339,0.0383399985730648,0.0418099984526634,0.0421499982476234,0.0415499992668629,..,..,..,..,..,..,..,..,..,..,0.0149699999019504,..,0.0399399995803833,0.0639400035142899,0.0594800002872944,..
Research and development expenditure (% of GDP),GB.XPD.RSDV.GD.ZS,"Hong Kong SAR, China",HKG,0.46492999792099,0.536450028419495,0.581470012664795,0.68027001619339,0.721759974956512,0.773429989814758,0.794679999351501,0.751609981060028,0.71995997428894,0.773419976234436,0.749459981918335,0.720860004425049,0.727330029010773,0.730170011520386,0.740140020847321,0.761829972267151,0.791499972343445,0.835189998149872,0.863300025463104,0.925570011138916,0.99235999584198
Research and development expenditure (% of GDP),GB.XPD.RSDV.GD.ZS,Hungary,HUN,0.790960013866425,0.913100004196167,0.983550012111664,0.91882997751236,0.859899997711182,0.919510006904602,0.977400004863739,0.954450011253357,0.977569997310638,1.12802004814148,1.12864995002747,1.17925000190735,1.25423002243042,1.38409996032715,1.3445999622345,1.33958995342255,1.1798700094223,1.3170200586319,1.50775003433228,1.47291004657745,1.59315001964569
Research and development expenditure (% of GDP),GB.XPD.RSDV.GD.ZS,Iceland,ISL,2.5720100402832,2.83989000320435,2.82119989395142,2.70549988746643,..,2.67968988418579,2.8526599407196,2.53293991088867,2.46413993835449,2.59713006019592,..,2.40367007255554,..,1.69237995147705,1.93615996837616,2.18131995201111,2.11011004447937,2.08413004875183,2.00080990791321,2.34165000915527,2.49068999290466
Research and development expenditure (% of GDP),GB.XPD.RSDV.GD.ZS,India,IND,0.756990015506744,0.735909998416901,0.725669980049133,0.719290018081665,0.756900012493134,0.824109971523285,0.804729998111725,0.805069983005524,0.858759999275208,0.833140015602112,0.788489997386932,0.755020022392273,0.743990004062653,0.706420004367828,0.701590001583099,0.693099975585938,0.669839978218079,0.666029989719391,0.660009980201721,0.659420013427734,0.646359980106354
Research and development expenditure (% of GDP),GB.XPD.RSDV.GD.ZS,Indonesia,IDN,0.0676899999380112,0.0475599989295006,..,..,..,..,..,..,..,0.0833199992775917,..,..,..,0.0847000032663345,..,..,0.245350003242493,0.238049998879433,0.226319998502731,0.271290004253387,0.280680000782013
Research and development expenditure (% of GDP),GB.XPD.RSDV.GD.ZS,"Iran, Islamic Rep.",IRN,..,0.502179980278015,0.495579987764359,0.594839990139008,0.504530012607574,0.622839987277985,0.559210002422333,..,0.646470010280609,0.272579997777939,0.264420002698898,..,0.294349998235703,0.236010000109673,..,0.393830001354218,..,0.759829998016357,..,0.788290023803711,..
Research and development expenditure (% of GDP),GB.XPD.RSDV.GD.ZS,Iraq,IRQ,..,..,..,..,..,..,..,0.0455400012433529,0.0343500003218651,0.0456200018525124,0.0368399992585182,0.0347599983215332,..,..,0.0383500009775162,0.0401699990034103,0.0373700000345707,0.0459600016474724,0.0427899993956089,0.032660000026226,0.0405299998819828
Research and development expenditure (% of GDP),GB.XPD.RSDV.GD.ZS,Ireland,IRL,1.08382999897003,1.05193996429443,1.05575001239777,1.12434995174408,1.1777800321579,1.19196999073029,1.19886994361877,1.23407995700836,1.39126002788544,1.61371004581451,1.5947699546814,1.55262005329132,1.55675005912781,1.56757998466492,1.52098000049591,1.18211996555328,1.17507004737854,1.25187003612518,1.16719996929169,1.22527003288269,1.2325199842453
Research and development expenditure (% of GDP),GB.XPD.RSDV.GD.ZS,Isle of Man,IMN,..,..,..,..,..,..,..,..,..,..,..,..,..,..,..,..,..,..,..,..,..
Research and development expenditure (% of GDP),GB.XPD.RSDV.GD.ZS,Israel,ISR,3.82651996612549,4.06440019607544,4.00063991546631,3.76453995704651,3.74903011322021,3.92282009124756,4.01997995376587,4.29998016357422,4.25511980056763,4.04515981674194,3.86329007148743,3.93520998954773,4.08052015304565,4.02599000930786,4.11061000823975,4.21463012695312,4.47173976898193,4.62414979934692,4.77613019943237,5.2156400680542,5.70555019378662
Research and development expenditure (% of GDP),GB.XPD.RSDV.GD.ZS,Italy,ITA,1.00364005565643,1.04069995880127,1.08124005794525,1.05894005298615,1.05025005340576,1.04435002803802,1.08401000499725,1.12899005413055,1.15971994400024,1.21786999702454,1.21797001361847,1.20155000686646,1.26218998432159,1.30106997489929,1.33840000629425,1.33850002288818,1.36642003059387,1.37012994289398,1.42443001270294,1.461590051651,1.50680005550385
Research and development expenditure (% of GDP),GB.XPD.RSDV.GD.ZS,Jamaica,JAM,..,0.049100000411272,0.0609599985182285,..,..,..,..,..,..,..,..,..,..,..,..,..,..,..,..,..,..
Research and development expenditure (% of GDP),GB.XPD.RSDV.GD.ZS,Japan,JPN,2.8584098815918,2.92348003387451,2.96514010429382,2.99320006370544,2.98125004768372,3.13091993331909,3.2276599407196,3.29257011413574,3.29223990440369,3.19589996337891,3.10494995117188,3.20536994934082,3.17371010780334,3.27895998954773,3.36788010597229,3.24071002006531,3.10665988922119,3.16635990142822,3.21919989585876,3.2182400226593,3.26897001266479
Research and development expenditure (% of GDP),GB.XPD.RSDV.GD.ZS,Jordan,JOR,..,..,0.336890012025833,..,..,..,..,..,0.42153999209404,..,..,..,..,..,..,..,0.695469975471497,..,..,..,..
Research and development expenditure (% of GDP),GB.XPD.RSDV.GD.ZS,Kazakhstan,KAZ,0.18104000389576,0.220090001821518,0.255089998245239,0.25246000289917,0.248370006680489,0.283609986305237,0.242809996008873,0.208839997649193,0.216539993882179,0.229240000247955,0.153410002589226,0.153490006923676,0.16525000333786,0.171320006251335,0.167219996452332,0.169510006904602,0.141790002584457,0.126670002937317,0.116829998791218,0.118409998714924,0.12601999938488
Research and development expenditure (% of GDP),GB.XPD.RSDV.GD.ZS,Kenya,KEN,..,..,..,..,..,..,..,0.35521000623703,..,..,0.692219972610474,..,..,..,..,..,..,..,..,..,..
Research and development expenditure (% of GDP),GB.XPD.RSDV.GD.ZS,Kiribati,KIR,..,..,..,..,..,..,..,..,..,..,..,..,..,..,..,..,..,..,..,..,..
Research and development expenditure (% of GDP),GB.XPD.RSDV.GD.ZS,"Korea, Dem. People's Rep.",PRK,..,..,..,..,..,..,..,..,..,..,..,..,..,..,..,..,..,..,..,..,..
Research and development expenditure (% of GDP),GB.XPD.RSDV.GD.ZS,"Korea, Rep.",KOR,2.12519001960754,2.2786500453949,2.20774006843567,2.27722001075745,2.44214010238647,2.52290010452271,2.71934008598328,2.87258005142212,2.9888699054718,3.14668989181519,3.3157799243927,3.59198999404907,3.8503999710083,3.95124006271362,4.07785987854004,3.97819995880127,3.9870400428772,4.29205989837646,4.51632976531982,4.62702989578247,4.79571008682251
Research and development expenditure (% of GDP),GB.XPD.RSDV.GD.ZS,Kosovo,XKX,..,..,..,..,..,..,..,..,..,..,..,..,..,..,..,..,..,..,..,..,..
Research and development expenditure (% of GDP),GB.XPD.RSDV.GD.ZS,Kuwait,KWT,0.12542000412941,0.1788399964571,0.180010005831718,0.143470004200935,0.1300999969244,0.100830003619194,0.0847899988293648,0.0858500003814697,0.0855100005865097,0.112130001187325,0.101400002837181,0.0989599972963333,0.0972099974751472,0.301530003547668,0.427049994468689,0.0966000035405159,0.0798500031232834,0.0803999975323677,0.0634900033473969,0.191459998488426,0.186609998345375
Research and development expenditure (% of GDP),GB.XPD.RSDV.GD.ZS,Kyrgyz Republic,KGZ,0.156369999051094,0.171890005469322,0.198100000619888,0.222719997167587,0.199259996414185,0.198609992861748,0.230140000581741,0.234249994158745,0.190170004963875,0.159970000386238,0.155469998717308,0.15633000433445,0.16609999537468,0.149140000343323,0.125359997153282,0.119029998779297,0.111210003495216,0.107069998979568,0.101070001721382,0.090159997344017,0.088809996843338
Research and development expenditure (% of GDP),GB.XPD.RSDV.GD.ZS,Lao PDR,LAO,..,..,0.0370999984443188,..,..,..,..,..,..,..,..,..,..,..,..,..,..,..,..,..,..
Research and development expenditure (% of GDP),GB.XPD.RSDV.GD.ZS,Latvia,LVA,0.434830009937286,0.402630001306534,0.408430010080338,0.35929998755455,0.398400008678436,0.527069985866547,0.646910011768341,0.551069974899292,0.577199995517731,0.448579996824265,0.605710029602051,0.71561998128891,0.663070023059845,0.613210022449493,0.689079999923706,0.619400024414062,0.435140013694763,0.511039972305298,0.638689994812012,0.636269986629486,0.729910016059875
Research and development expenditure (% of GDP),GB.XPD.RSDV.GD.ZS,Lebanon,LBN,..,..,..,..,..,..,..,..,..,..,..,..,..,..,..,..,..,..,..,..,..
Research and development expenditure (% of GDP),GB.XPD.RSDV.GD.ZS,Lesotho,LSO,..,..,0.0418500006198883,0.0429500006139278,0.0553199984133244,..,..,..,..,0.0291000008583069,..,0.0125500001013279,..,..,..,0.0510100014507771,..,..,..,..,..
Research and development expenditure (% of GDP),GB.XPD.RSDV.GD.ZS,Liberia,LBR,..,..,..,..,..,..,..,..,..,..,..,..,..,..,..,..,..,..,..,..,..
Research and development expenditure (% of GDP),GB.XPD.RSDV.GD.ZS,Libya,LBY,..,..,..,..,..,..,..,..,..,..,..,..,..,..,..,..,..,..,..,..,..
Research and development expenditure (% of GDP),GB.XPD.RSDV.GD.ZS,Liechtenstein,LIE,..,..,..,..,..,..,..,..,..,..,..,..,..,..,..,..,..,..,..,..,..
Research and development expenditure (% of GDP),GB.XPD.RSDV.GD.ZS,Lithuania,LTU,0.585529983043671,0.667620003223419,0.657549977302551,0.664129972457886,0.751399993896484,0.74821001291275,0.79203999042511,0.801739990711212,0.78931999206543,0.830839991569519,0.78329998254776,0.9026899933815,0.893040001392365,0.94871997833252,1.03011000156403,1.04340994358063,0.842410027980804,0.896260023117065,0.936619997024536,0.993529975414276,1.13361001014709
Research and development expenditure (% of GDP),GB.XPD.RSDV.GD.ZS,Luxembourg,LUX,1.58314001560211,..,..,1.62349998950958,1.58818995952606,1.55873000621796,1.64885997772217,1.57165002822876,1.54663002490997,1.58838999271393,1.4237300157547,1.42453002929688,1.20664000511169,1.23380994796753,1.21700000762939,1.2522599697113,1.26689994335175,1.23898005485535,1.17180001735687,1.18287003040314,1.09150004386902
Research and development expenditure (% of GDP),GB.XPD.RSDV.GD.ZS,"Macao SAR, China",MAC,..,0.0622400008141994,0.0695699974894524,0.062440000474453,0.0534400008618832,0.0876000002026558,0.0829000025987625,0.0568399988114834,0.101060003042221,0.0540699996054173,0.0501199997961521,0.0442700013518333,0.0478900000452995,0.0511699989438057,0.0877600014209747,0.136490002274513,0.234919995069504,0.171900004148483,0.200790002942085,0.246659994125366,0.451200008392334
Research and development expenditure (% of GDP),GB.XPD.RSDV.GD.ZS,Madagascar,MDG,0.100319996476173,0.181749999523163,0.201729997992516,0.290699988603592,0.1925999969244,0.150959998369217,0.141190007328987,0.120909996330738,0.117640003561974,0.130539998412132,0.099030002951622,0.0906699970364571,..,..,0.0132099995389581,..,0.012640000320971,0.0127499997615814,..,..,..
Research and development expenditure (% of GDP),GB.XPD.RSDV.GD.ZS,Malawi,MWI,..,..,..,..,..,..,..,..,..,..,..,..,..,..,..,..,..,..,..,..,..
Research and development expenditure (% of GDP),GB.XPD.RSDV.GD.ZS,Malaysia,MYS,0.468989998102188,..,0.652540028095245,..,0.599900007247925,..,0.6110600233078,..,0.788469970226288,1.01001000404358,1.03608000278473,1.03341996669769,1.09268999099731,..,1.2627500295639,1.27945005893707,1.41516995429993,..,1.04025995731354,..,0.950879991054535
Research and development expenditure (% of GDP),GB.XPD.RSDV.GD.ZS,Maldives,MDV,..,..,..,..,..,..,..,..,..,..,..,..,..,..,..,..,..,..,..,..,..
Research and development expenditure (% of GDP),GB.XPD.RSDV.GD.ZS,Mali,MLI,..,..,..,..,..,..,..,0.218549996614456,..,..,0.583599984645844,..,..,..,..,0.314619988203049,..,0.291979998350143,..,0.157680004835129,..
Research and development expenditure (% of GDP),GB.XPD.RSDV.GD.ZS,Malta,MLT,..,..,0.238309994339943,0.235660001635551,0.488229990005493,0.528930008411407,0.578440010547638,0.545390009880066,0.526669979095459,0.50739997625351,0.587409973144531,0.665059983730316,0.804319977760315,0.743359982967377,0.691789984703064,0.715149998664856,0.55689001083374,0.552119970321655,0.576089978218079,0.56427001953125,0.654410004615784
Research and development expenditure (% of GDP),GB.XPD.RSDV.GD.ZS,Marshall Islands,MHL,..,..,..,..,..,..,..,..,..,..,..,..,..,..,..,..,..,..,..,..,..
Research and development expenditure (% of GDP),GB.XPD.RSDV.GD.ZS,Mauritania,MRT,..,..,..,..,..,..,..,..,..,..,..,..,..,..,..,..,..,..,0.0101899998262525,..,..
Research and development expenditure (% of GDP),GB.XPD.RSDV.GD.ZS,Mauritius,MUS,0.284020006656647,0.362569987773895,0.368050009012222,0.326039999723434,0.368180006742477,0.360529989004135,..,..,..,..,..,..,0.177729994058609,..,..,..,..,0.354229986667633,0.333869993686676,0.35699000954628,0.403239995241165
Research and development expenditure (% of GDP),GB.XPD.RSDV.GD.ZS,Mexico,MEX,0.306129992008209,0.324180006980896,0.354299992322922,0.393139988183975,0.388159990310669,0.398440003395081,0.369219988584518,0.398330003023148,0.443870007991791,0.47953999042511,0.494850009679794,0.471289992332458,0.420960009098053,0.425029993057251,0.43529999256134,0.42943000793457,0.387780010700226,0.328319996595383,0.306430011987686,0.283939987421036,0.300029993057251
Research and development expenditure (% of GDP),GB.XPD.RSDV.GD.ZS,"Micronesia, Fed. Sts.",FSM,..,..,..,..,..,..,..,..,..,..,..,..,..,..,..,..,..,..,..,..,..
Research and development expenditure (% of GDP),GB.XPD.RSDV.GD.ZS,Moldova,MDA,..,..,..,0.324050009250641,0.349029988050461,0.398649990558624,0.406219989061356,0.545570015907288,0.534630000591278,0.525569975376129,0.366499990224838,0.337639987468719,0.349070012569427,0.297829985618591,0.314630001783371,0.307350009679794,0.280039995908737,0.257889986038208,0.256260007619858,0.241449996829033,0.235109999775887
Research and development expenditure (% of GDP),GB.XPD.RSDV.GD.ZS,Monaco,MCO,..,..,..,..,0.0371900014579296,0.0382100008428097,..,..,..,..,..,..,..,..,..,..,..,..,..,..,..
Research and development expenditure (% of GDP),GB.XPD.RSDV.GD.ZS,Mongolia,MNG,0.187570005655289,0.2674899995327,0.251729995012283,0.251800000667572,0.267769992351532,0.237760007381439,0.191210001707077,0.238269999623299,0.336670011281967,0.304780006408691,0.244379997253418,0.230540007352829,0.23913000524044,0.232460007071495,0.223399996757507,0.156399995088577,0.183449998497963,0.134200006723404,0.101609997451305,0.0926999971270561,0.133009999990463
Research and development expenditure (% of GDP),GB.XPD.RSDV.GD.ZS,Montenegro,MNE,..,..,..,0.797720015048981,1.01874005794525,0.924430012702942,1.22991001605988,1.1452100276947,..,..,..,0.314850002527237,..,0.374309986829758,0.363200008869171,0.374000012874603,0.324539989233017,0.348980009555817,0.503740012645721,0.36327999830246,..
Research and development expenditure (% of GDP),GB.XPD.RSDV.GD.ZS,Morocco,MAR,..,0.546299993991852,0.471789985895157,0.565880000591278,..,..,0.549870014190674,..,..,..,0.660359978675842,..,..,..,..,..,..,..,..,..,..
Research and development expenditure (% of GDP),GB.XPD.RSDV.GD.ZS,Mozambique,MOZ,..,..,0.373140007257462,..,..,..,0.412129998207092,..,0.140009999275208,..,0.386350005865097,..,..,..,..,0.313120007514954,..,..,..,..,..
Research and development expenditure (% of GDP),GB.XPD.RSDV.GD.ZS,Myanmar,MMR,0.121699996292591,0.0830999985337257,0.198870003223419,..,..,..,..,..,..,..,..,..,..,..,..,..,..,0.0348399989306927,0.0635399967432022,0.089259997010231,0.148969992995262
Research and development expenditure (% of GDP),GB.XPD.RSDV.GD.ZS,Namibia,NAM,..,..,..,..,..,..,..,..,..,..,0.139630004763603,..,..,..,0.349860012531281,..,..,..,..,..,..
Research and development expenditure (% of GDP),GB.XPD.RSDV.GD.ZS,Nauru,NRU,..,..,..,..,..,..,..,..,..,..,..,..,..,..,..,..,..,..,..,..,..
Research and development expenditure (% of GDP),GB.XPD.RSDV.GD.ZS,Nepal,NPL,..,..,..,..,..,..,..,..,0.0543899983167648,0.259240001440048,0.302199989557266,..,..,..,..,..,..,..,..,..,..
Research and development expenditure (% of GDP),GB.XPD.RSDV.GD.ZS,Netherlands,NLD,1.78980004787445,1.79609000682831,1.74542999267578,1.78390002250671,1.7890100479126,1.77388000488281,1.74066996574402,1.67030000686646,1.62268996238708,1.66569995880127,1.70404005050659,1.8813099861145,1.9162700176239,2.15605998039246,2.17330002784729,2.1460599899292,2.15081000328064,2.17857003211975,2.13879990577698,2.18435001373291,2.32182002067566
Research and development expenditure (% of GDP),GB.XPD.RSDV.GD.ZS,New Caledonia,NCL,..,..,..,..,..,..,..,..,..,..,..,..,..,..,..,..,..,..,..,..,..
Research and development expenditure (% of GDP),GB.XPD.RSDV.GD.ZS,New Zealand,NZL,..,1.10028994083405,..,1.14891004562378,..,1.12042999267578,..,1.15763998031616,..,1.25214004516602,..,1.23224997520447,..,1.15339004993439,..,1.22817003726959,..,1.34912002086639,..,1.40640997886658,..
Research and development expenditure (% of GDP),GB.XPD.RSDV.GD.ZS,Nicaragua,NIC,..,..,0.0349299982190132,..,..,..,..,..,..,..,..,0.0834399983286858,0.104489997029305,0.10283999890089,0.0893500000238419,0.10741999745369,..,..,..,..,..
Research and development expenditure (% of GDP),GB.XPD.RSDV.GD.ZS,Niger,NER,..,..,..,..,..,..,..,..,..,..,..,..,..,..,..,..,..,..,..,..,..
Research and development expenditure (% of GDP),GB.XPD.RSDV.GD.ZS,Nigeria,NGA,..,..,..,..,..,..,..,0.132229998707771,..,..,..,..,..,..,..,..,..,..,..,0.284440010786057,..
Research and development expenditure (% of GDP),GB.XPD.RSDV.GD.ZS,North Macedonia,MKD,0.418879985809326,0.293099999427795,0.244609996676445,0.210639998316765,0.232370004057884,0.228249996900558,0.193729996681213,0.170929998159409,0.223580002784729,0.196789994835854,0.216340005397797,0.222760006785393,0.326759994029999,0.438939988613129,0.516460001468658,0.444119989871979,0.435849994421005,0.354389995336533,0.363669991493225,0.367830008268356,0.372640013694763
Research and development expenditure (% of GDP),GB.XPD.RSDV.GD.ZS,Northern Mariana Islands,MNP,..,..,..,..,..,..,..,..,..,..,..,..,..,..,..,..,..,..,..,..,..
Research and development expenditure (% of GDP),GB.XPD.RSDV.GD.ZS,Norway,NOR,..,1.56019997596741,1.62644994258881,1.67571997642517,1.53974997997284,1.47714996337891,1.44972002506256,1.5579400062561,1.54556000232697,1.71677994728088,1.6411999464035,1.61714005470276,1.61053001880646,1.64216005802155,1.70369005203247,1.92349994182587,2.032870054245,2.08167004585266,2.03482007980347,2.13599991798401,2.24435997009277
Research and development expenditure (% of GDP),GB.XPD.RSDV.GD.ZS,Oman,OMN,..,..,..,..,..,..,..,..,..,..,..,0.119620002806187,0.182809993624687,0.148540005087852,0.18588000535965,0.218659996986389,0.226909995079041,0.199249997735023,0.190310001373291,0.272549986839294,0.315990000963211
Research and development expenditure (% of GDP),GB.XPD.RSDV.GD.ZS,Pakistan,PAK,0.11565999686718,0.151649996638298,0.198870003223419,..,..,0.398490011692047,..,0.632499992847443,..,0.448060005903244,..,0.329169988632202,..,0.292849987745285,..,0.246050000190735,..,0.212139993906021,..,0.174750000238419,..
Research and development expenditure (% of GDP),GB.XPD.RSDV.GD.ZS,Palau,PLW,..,..,..,..,..,..,..,..,..,..,..,..,..,..,..,..,..,..,..,..,..
Research and development expenditure (% of GDP),GB.XPD.RSDV.GD.ZS,Panama,PAN,0.362639993429184,0.360740005970001,0.342200011014938,0.321090012788773,0.226459994912148,0.23183000087738,0.235369995236397,0.18172000348568,0.190650001168251,0.132100000977516,0.14452999830246,0.173040002584457,0.0753400027751923,0.0620599985122681,0.122950002551079,0.107450000941753,0.132400006055832,0.135299995541573,0.133589997887611,0.136240005493164,0.232350006699562
Research and development expenditure (% of GDP),GB.XPD.RSDV.GD.ZS,Papua New Guinea,PNG,..,..,..,..,..,..,..,..,..,..,..,..,..,..,..,..,0.031580001115799,..,..,..,..
Research and development expenditure (% of GDP),GB.XPD.RSDV.GD.ZS,Paraguay,PRY,..,0.066990002989769,0.0749299973249435,0.0613499991595745,0.0606600008904934,0.0609100013971329,..,..,0.0411299988627434,..,..,0.0421600006520748,0.0651699975132942,0.0716300010681152,0.0790100023150444,0.0967399999499321,0.11676000058651,0.148880004882812,0.146840006113052,0.137510001659393,0.156969994306564
Research and development expenditure (% of GDP),GB.XPD.RSDV.GD.ZS,Peru,PER,0.112659998238087,0.110959999263287,0.106140002608299,0.108130000531673,0.155780002474785,..,..,..,..,..,..,0.0828199982643127,0.0553000010550022,0.0817399993538857,0.108050003647804,0.117020003497601,0.120080001652241,0.120849996805191,0.126829996705055,0.156959995627403,0.171829998493195
Research and development expenditure (% of GDP),GB.XPD.RSDV.GD.ZS,Philippines,PHL,..,..,0.132630005478859,0.125269994139671,..,0.106919996440411,..,0.104979999363422,..,0.109010003507137,..,0.112219996750355,..,0.132070004940033,..,0.156829997897148,..,..,0.322219997644424,..,..
Research and development expenditure (% of GDP),GB.XPD.RSDV.GD.ZS,Poland,POL,0.640779972076416,0.6215900182724,0.556749999523163,0.538060009479523,0.552500009536743,0.562780022621155,0.55102002620697,0.561930000782013,0.599439978599548,0.661059975624084,0.726189970970154,0.752210021018982,0.889970004558563,0.884829998016357,0.950760006904602,1.00423002243042,0.968209981918335,1.03785002231598,1.20609998703003,1.32334995269775,1.38608002662659
Research and development expenditure (% of GDP),GB.XPD.RSDV.GD.ZS,Portugal,PRT,0.721560001373291,0.764819979667664,0.721830010414124,0.698019981384277,0.729300022125244,0.757550001144409,0.954479992389679,1.12416994571686,1.44334995746613,1.58001005649567,1.53529000282288,1.4574099779129,1.37861001491547,1.32467997074127,1.28991997241974,1.24329996109009,1.28075003623962,1.3192800283432,1.3495500087738,1.39561998844147,1.61391997337341
Research and development expenditure (% of GDP),GB.XPD.RSDV.GD.ZS,Puerto Rico,PRI,..,..,..,..,..,..,..,..,..,0.451310008764267,..,..,..,0.438589990139008,..,0.428829997777939,..,..,..,..,..
Research and development expenditure (% of GDP),GB.XPD.RSDV.GD.ZS,Qatar,QAT,..,..,..,..,..,..,..,..,..,..,..,..,0.47859999537468,..,..,0.518830001354218,..,..,0.531289994716644,..,..
Research and development expenditure (% of GDP),GB.XPD.RSDV.GD.ZS,Romania,ROU,0.36625999212265,0.391290009021759,0.37720999121666,0.39708000421524,0.389420002698898,0.412620007991791,0.456820011138916,0.51147997379303,0.552150011062622,0.443949997425079,0.44666001200676,0.474590003490448,0.462399989366531,0.390240013599396,0.382079988718033,0.487960010766983,0.488640010356903,0.506929993629456,0.49728998541832,0.476159989833832,0.465380012989044
Research and development expenditure (% of GDP),GB.XPD.RSDV.GD.ZS,Russian Federation,RUS,1.04982995986938,1.17693996429443,1.24652004241943,1.28603005409241,1.15132999420166,1.06797003746033,1.07293999195099,1.11610996723175,1.04435002803802,1.2519199848175,1.13020002841949,1.01545000076294,1.02766001224518,1.02732002735138,1.07240998744965,1.10084998607635,1.10238003730774,1.10967004299164,0.990019977092743,1.03531002998352,1.09098994731903
Research and development expenditure (% of GDP),GB.XPD.RSDV.GD.ZS,Rwanda,RWA,..,..,..,..,..,..,..,..,..,..,..,..,..,..,..,..,0.649439990520477,..,..,0.758729994297028,..
Research and development expenditure (% of GDP),GB.XPD.RSDV.GD.ZS,Samoa,WSM,..,..,..,..,..,..,..,..,..,..,..,..,..,..,..,..,..,..,..,..,..
Research and development expenditure (% of GDP),GB.XPD.RSDV.GD.ZS,San Marino,SMR,..,..,..,..,..,..,..,..,..,..,..,..,..,..,..,..,..,..,..,..,..
Research and development expenditure (% of GDP),GB.XPD.RSDV.GD.ZS,Sao Tome and Principe,STP,..,..,..,..,..,..,..,..,..,..,..,..,..,..,..,..,..,..,..,..,..
Research and development expenditure (% of GDP),GB.XPD.RSDV.GD.ZS,Saudi Arabia,SAU,..,..,..,0.06233000010252,0.0531499981880188,0.0423000007867813,0.0424499996006489,0.0452100001275539,0.0490199998021126,0.0733800008893013,0.88400000333786,0.890680015087128,0.869899988174438,0.807359993457794,..,..,..,..,..,..,0.498019993305206
Research and development expenditure (% of GDP),GB.XPD.RSDV.GD.ZS,Senegal,SEN,..,..,..,..,..,..,..,..,0.293740004301071,..,0.434300005435944,..,..,..,..,0.577199995517731,..,..,..,..,..
Research and development expenditure (% of GDP),GB.XPD.RSDV.GD.ZS,Serbia,SRB,0.854240000247955,0.304010003805161,0.639680027961731,0.491380006074905,0.289530009031296,0.395300000905991,0.439850002527237,0.578769981861115,0.669659972190857,0.817300021648407,0.702279984951019,0.683340013027191,0.85316002368927,0.683669984340668,0.723089993000031,0.810899972915649,0.838220000267029,0.872380018234253,0.918910026550293,0.886669993400574,0.90557998418808
Research and development expenditure (% of GDP),GB.XPD.RSDV.GD.ZS,Seychelles,SYC,..,0.399679988622665,0.382600009441376,0.387070000171661,0.32574000954628,0.283930003643036,..,..,..,..,..,..,..,..,..,..,0.216849997639656,..,..,..,..
Research and development expenditure (% of GDP),GB.XPD.RSDV.GD.ZS,Sierra Leone,SLE,..,..,..,..,..,..,..,..,..,..,..,..,..,..,..,..,..,..,..,..,..
Research and development expenditure (% of GDP),GB.XPD.RSDV.GD.ZS,Singapore,SGP,1.81699001789093,2.00929999351501,2.03281998634338,1.99679005146027,2.07858991622925,2.14806008338928,2.1165599822998,2.31985998153687,2.59674000740051,2.12789988517761,1.92918002605438,2.06955003738403,1.91832995414734,1.92104005813599,2.082279920578,2.1744499206543,2.07291007041931,1.89904999732971,1.80957996845245,1.8850599527359,2.16304993629456
Research and development expenditure (% of GDP),GB.XPD.RSDV.GD.ZS,Sint Maarten (Dutch part),SXM,..,..,..,..,..,..,..,..,..,..,..,..,..,..,..,..,..,..,..,..,..
Research and development expenditure (% of GDP),GB.XPD.RSDV.GD.ZS,Slovak Republic,SVK,0.638059973716736,0.624650001525879,0.563139975070953,0.561460018157959,0.50068998336792,0.493319988250732,0.474880009889603,0.447459995746613,0.46136999130249,0.472719997167587,0.605499982833862,0.652549982070923,0.794610023498535,0.820050001144409,0.876999974250793,1.1572699546814,0.788569986820221,0.884559988975525,0.835550010204315,0.822409987449646,0.897809982299805
Research and development expenditure (% of GDP),GB.XPD.RSDV.GD.ZS,Slovenia,SVN,1.35982000827789,1.46766996383667,1.44324994087219,1.2479100227356,1.37026000022888,1.41778004169464,1.5370500087738,1.42702996730804,1.62672996520996,1.81184005737305,2.05133008956909,2.41297006607056,2.56061005592346,2.56487011909485,2.36547994613647,2.19565010070801,2.00763988494873,1.86530005931854,1.9459400177002,2.04128003120422,2.14265990257263
Research and development expenditure (% of GDP),GB.XPD.RSDV.GD.ZS,Solomon Islands,SLB,..,..,..,..,..,..,..,..,..,..,..,..,..,..,..,..,..,..,..,..,..
Research and development expenditure (% of GDP),GB.XPD.RSDV.GD.ZS,Somalia,SOM,..,..,..,..,..,..,..,..,..,..,..,..,..,..,..,..,..,..,..,..,..
Research and development expenditure (% of GDP),GB.XPD.RSDV.GD.ZS,South Africa,ZAF,..,0.642239987850189,..,0.676500022411346,0.726809978485107,0.770240008831024,0.802909970283508,0.79364001750946,0.805670022964478,0.749930024147034,0.662840008735657,0.667530000209808,0.669340014457703,0.663299977779388,0.709869980812073,0.731469988822937,0.749920010566711,0.762570023536682,0.687730014324188,0.614300012588501,0.603600025177002
Research and development expenditure (% of GDP),GB.XPD.RSDV.GD.ZS,South Sudan,SSD,..,..,..,..,..,..,..,..,..,..,..,..,..,..,..,..,..,..,..,..,..
Research and development expenditure (% of GDP),GB.XPD.RSDV.GD.ZS,Spain,ESP,0.882759988307953,0.888329982757568,0.959710001945496,1.02373003959656,1.04088997840881,1.09956002235413,1.17701995372772,1.24053001403809,1.32500004768372,1.36363995075226,1.35995995998383,1.33341002464294,1.29876005649567,1.27481997013092,1.24159002304077,1.22178995609283,1.18985998630524,1.20976996421814,1.24151003360748,1.25024998188019,1.41039001941681
Research and development expenditure (% of GDP),GB.XPD.RSDV.GD.ZS,Sri Lanka,LKA,0.143920004367828,..,..,..,0.182099997997284,..,0.174199998378754,..,0.114440001547337,..,0.132410004734993,..,..,0.0973000004887581,0.096050001680851,0.102909997105598,0.120339997112751,0.118179999291897,0.119489997625351,..,0.115970000624657
Research and development expenditure (% of GDP),GB.XPD.RSDV.GD.ZS,St. Kitts and Nevis,KNA,..,..,..,..,..,..,..,..,..,..,..,..,..,..,..,..,..,..,..,..,..
Research and development expenditure (% of GDP),GB.XPD.RSDV.GD.ZS,St. Lucia,LCA,..,..,..,..,..,..,..,..,..,..,..,..,..,..,..,..,..,..,..,..,..
Research and development expenditure (% of GDP),GB.XPD.RSDV.GD.ZS,St. Martin (French part),MAF,..,..,..,..,..,..,..,..,..,..,..,..,..,..,..,..,..,..,..,..,..
Research and development expenditure (% of GDP),GB.XPD.RSDV.GD.ZS,St. Vincent and the Grenadines,VCT,..,0.0400799997150898,0.113899998366833,..,..,..,..,..,..,..,..,..,..,..,..,..,..,..,..,..,..
Research and development expenditure (% of GDP),GB.XPD.RSDV.GD.ZS,Sudan,SDN,0.472770005464554,0.374830007553101,0.322470009326935,0.280800014734268,0.238250002264977,0.224999994039536,..,..,..,..,..,..,..,..,..,..,..,..,..,..,..
Research and development expenditure (% of GDP),GB.XPD.RSDV.GD.ZS,Suriname,SUR,..,..,..,..,..,..,..,..,..,..,..,..,..,..,..,..,..,..,..,..,..
Research and development expenditure (% of GDP),GB.XPD.RSDV.GD.ZS,Sweden,SWE,..,3.87380003929138,..,3.57947993278503,3.36128997802734,3.35958003997803,3.47499990463257,3.23382997512817,3.46999001502991,3.39527988433838,3.1678900718689,3.18702006340027,3.23024988174438,3.26042008399963,3.10184001922607,3.21902990341187,3.24735999107361,3.36279010772705,3.32105994224548,3.38757991790771,3.48959994316101
Research and development expenditure (% of GDP),GB.XPD.RSDV.GD.ZS,Switzerland,CHE,2.26385998725891,..,..,..,2.60818004608154,..,..,..,2.65296006202698,..,..,..,2.8745698928833,..,..,3.07832002639771,..,3.07698011398315,..,3.19679999351501,..
Research and development expenditure (% of GDP),GB.XPD.RSDV.GD.ZS,Syrian Arab Republic,SYR,..,..,..,..,..,..,..,..,..,..,..,..,..,..,..,0.0194199997931719,..,..,..,..,..
Research and development expenditure (% of GDP),GB.XPD.RSDV.GD.ZS,Tajikistan,TJK,..,0.0895299986004829,0.0706799998879433,0.068850003182888,0.0669699981808662,0.0957000032067299,0.107320003211498,0.067780002951622,0.0698300004005432,0.0857700034976006,0.089139997959137,0.121480002999306,0.114320002496243,0.118510000407696,0.116240002214909,0.103399999439716,0.106219999492168,0.109569996595383,0.0940100029110909,0.0936700031161308,0.0896899998188019
Research and development expenditure (% of GDP),GB.XPD.RSDV.GD.ZS,Tanzania,TZA,..,..,..,..,..,..,..,0.334619998931885,..,..,0.373070001602173,..,..,0.514559984207153,..,..,..,..,..,..,..
Research and development expenditure (% of GDP),GB.XPD.RSDV.GD.ZS,Thailand,THA,0.244709998369217,0.252310007810593,0.23055000603199,0.245340004563332,0.23827999830246,0.218889996409416,0.232710003852844,0.200800001621246,0.203309997916222,0.234549999237061,..,0.361460000276566,..,0.441639989614487,0.479880005121231,0.616089999675751,0.778289973735809,1.00165998935699,1.11373996734619,1.14316999912262,1.32818996906281
Research and development expenditure (% of GDP),GB.XPD.RSDV.GD.ZS,Timor-Leste,TLS,..,..,..,..,..,..,..,..,..,..,..,..,..,..,..,..,..,..,..,..,..
Research and development expenditure (% of GDP),GB.XPD.RSDV.GD.ZS,Togo,TGO,..,..,..,..,..,..,..,..,..,..,0.172749996185303,..,0.164279997348785,..,0.196140006184578,..,..,..,..,..,..
Research and development expenditure (% of GDP),GB.XPD.RSDV.GD.ZS,Tonga,TON,..,..,..,..,..,..,..,..,..,..,..,..,..,..,..,..,..,..,..,..,..
Research and development expenditure (% of GDP),GB.XPD.RSDV.GD.ZS,Trinidad and Tobago,TTO,0.108000002801418,0.104170002043247,0.131779998540878,0.115010000765324,0.114409998059273,0.114309996366501,0.0723299980163574,0.0592200011014938,0.0307199992239475,0.0566500015556812,0.0477100014686584,0.0402400009334087,0.0415900014340878,0.0541100017726421,0.0765300020575523,0.0804800018668175,0.0870900005102158,0.0860600024461746,0.0822200030088425,0.059409998357296,0.0643400028347969
Research and development expenditure (% of GDP),GB.XPD.RSDV.GD.ZS,Tunisia,TUN,..,..,0.543020009994507,0.650439977645874,0.730949997901917,0.7119500041008,0.677290022373199,0.66540002822876,0.63933002948761,0.706439971923828,0.658060014247894,0.674579977989197,0.649370014667511,0.637000024318695,0.619880020618439,0.594129979610443,0.56538999080658,0.699540019035339,0.716449975967407,0.746580004692078,..
Research and development expenditure (% of GDP),GB.XPD.RSDV.GD.ZS,Turkiye,TUR,0.465579986572266,0.522469997406006,0.509039998054504,0.465319991111755,0.497130006551743,0.563809990882874,0.552919983863831,0.686160027980804,0.687409996986389,0.803619980812073,0.793690025806427,0.793929994106293,0.825950026512146,0.812059998512268,0.856400012969971,0.876890003681183,1.11978995800018,1.17631995677948,1.2717399597168,1.32146000862122,1.36757004261017
Research and development expenditure (% of GDP),GB.XPD.RSDV.GD.ZS,Turkmenistan,TKM,..,..,..,..,..,..,..,..,..,..,..,..,..,..,..,..,..,..,..,..,..
Research and development expenditure (% of GDP),GB.XPD.RSDV.GD.ZS,Turks and Caicos Islands,TCA,..,..,..,..,..,..,..,..,..,..,..,..,..,..,..,..,..,..,..,..,..
Research and development expenditure (% of GDP),GB.XPD.RSDV.GD.ZS,Tuvalu,TUV,..,..,..,..,..,..,..,..,..,..,..,..,..,..,..,..,..,..,..,..,..
Research and development expenditure (% of GDP),GB.XPD.RSDV.GD.ZS,Uganda,UGA,..,..,0.367559999227524,0.25611999630928,0.260560005903244,0.215139999985695,0.300330013036728,0.388209998607635,0.326319992542267,0.255470007658005,0.359899997711182,..,..,..,0.142649993300438,..,..,..,..,..,..
Research and development expenditure (% of GDP),GB.XPD.RSDV.GD.ZS,Ukraine,UKR,0.929040014743805,0.989440023899078,0.962689995765686,1.07166004180908,1.04392004013062,0.995180010795593,0.914030015468597,0.818690001964569,0.809909999370575,0.825959980487823,0.802789986133575,0.710900008678436,0.723630011081696,0.732999980449677,0.650340020656586,0.614769995212555,0.483390003442764,0.448790013790131,0.471130013465881,0.43384000658989,0.403180003166199
Research and development expenditure (% of GDP),GB.XPD.RSDV.GD.ZS,United Arab Emirates,ARE,..,..,..,..,..,..,..,..,..,..,..,0.486220002174377,..,..,0.675230026245117,0.865700006484985,0.931800007820129,..,1.26389002799988,1.31064999103546,1.48830997943878
Research and development expenditure (% of GDP),GB.XPD.RSDV.GD.ZS,United Kingdom,GBR,1.60906004905701,1.59658002853394,1.61372995376587,1.57962000370026,1.52997994422913,1.54904997348785,1.57539999485016,1.61708998680115,1.6078599691391,1.66659998893738,1.63496994972229,1.6452100276947,1.57631003856659,1.62011003494263,2.26449990272522,2.27027010917664,2.31145000457764,2.3231999874115,2.70481991767883,2.66551995277405,2.93144011497498
Research and development expenditure (% of GDP),GB.XPD.RSDV.GD.ZS,United States,USA,2.6198399066925,2.63715004920959,2.54745006561279,2.55014991760254,2.48686003684998,2.50192999839783,2.54544997215271,2.61515998840332,2.74481010437012,2.79182004928589,2.71444988250732,2.73802995681763,2.6728401184082,2.70215010643005,2.71785998344421,2.78699994087219,2.85349988937378,2.90432000160217,3.0100998878479,3.170490026474,3.46777009963989
Research and development expenditure (% of GDP),GB.XPD.RSDV.GD.ZS,Uruguay,URY,0.209250003099442,..,0.238179996609688,..,..,0.460310012102127,0.363849997520447,0.421590000391006,0.374410003423691,0.402390003204346,0.328819990158081,0.329620003700256,0.308079987764359,0.291180014610291,0.317070007324219,0.351090013980865,0.373910009860992,0.440519988536835,0.505940020084381,0.426670014858246,0.446619987487793
Research and development expenditure (% of GDP),GB.XPD.RSDV.GD.ZS,Uzbekistan,UZB,0.360630005598068,0.345440000295639,0.293559998273849,0.268249988555908,0.270410001277924,0.237409994006157,0.223949998617172,0.217209994792938,0.193540006875992,0.203150004148483,0.154300004243851,0.14877000451088,0.155120000243187,0.155000001192093,0.153349995613098,0.164969995617867,0.172380000352859,0.148340001702309,0.123939998447895,0.113059997558594,0.13850000500679
Research and development expenditure (% of GDP),GB.XPD.RSDV.GD.ZS,Vanuatu,VUT,..,..,..,..,..,..,..,..,..,..,..,..,..,..,..,..,..,..,..,..,..
Research and development expenditure (% of GDP),GB.XPD.RSDV.GD.ZS,"Venezuela, RB",VEN,..,..,..,..,..,0.189070001244545,0.31742000579834,0.201100006699562,0.238030001521111,0.240140005946159,0.188229992985725,0.152960002422333,0.250099986791611,0.31852999329567,0.337130010128021,0.439999997615814,0.689999997615814,..,..,..,..
Research and development expenditure (% of GDP),GB.XPD.RSDV.GD.ZS,Viet Nam,VNM,..,..,0.192729994654655,..,..,..,..,..,..,..,..,0.149550005793571,..,0.299320012331009,..,0.356290012598038,..,0.418949991464615,..,0.416519999504089,..
Research and development expenditure (% of GDP),GB.XPD.RSDV.GD.ZS,Virgin Islands (U.S.),VIR,..,..,0.0661699995398521,0.0377600006759167,0.0342399999499321,0.0293600000441074,0.0312200002372265,0.0271700005978346,..,..,..,..,..,..,..,..,..,..,..,..,..
Research and development expenditure (% of GDP),GB.XPD.RSDV.GD.ZS,West Bank and Gaza,PSE,..,..,..,..,..,..,..,0.197229996323586,0.149140000343323,0.356460005044937,0.361559987068176,..,..,0.454340010881424,..,..,..,..,..,..,..
Research and development expenditure (% of GDP),GB.XPD.RSDV.GD.ZS,"Yemen, Rep.",YEM,..,..,..,..,..,..,..,..,..,..,..,..,..,..,..,..,..,..,..,..,..
Research and development expenditure (% of GDP),GB.XPD.RSDV.GD.ZS,Zambia,ZMB,..,..,0.00543999997898936,0.00846999976783991,0.0222299993038177,0.0249300003051758,..,..,0.278189986944199,..,..,..,..,..,..,..,..,..,..,..,..
Research and development expenditure (% of GDP),GB.XPD.RSDV.GD.ZS,Zimbabwe,ZWE,..,..,..,..,..,..,..,..,..,..,..,..,..,..,..,..,..,..,..,..,..
,,,,,,,,,,,,,,,,,,,,,,,,
,,,,,,,,,,,,,,,,,,,,,,,,
,,,,,,,,,,,,,,,,,,,,,,,,
Data from database: World Development Indicators,,,,,,,,,,,,,,,,,,,,,,,,
Last Updated: 01/28/2025,,,,,,,,,,,,,,,,,,,,,,,,
